Workbook

Sheet Data
A1: location_id | B1: location_name | C1: latitude | D1: longitude | E1: supply | F1: demand | H1: from | I1: to | J1: cost_per_unit_shipped | K1: transportation_method | L1: congestion_level
A2: 1 | B2: Butter Pecan Bluff | C2: 37.5 | D2: -102.5 | E2: 10047 | H2: 1 | I2: 2 | J2: 11 | K2: Electrified Rail | L2: 95
A3: 2 | B3: Fruity Gusher Geyser | C3: 31.68 | D3: -118.85 | F3: 1711 | H3: 1 | I3: 5 | J3: 7 | K3: Air Freight | L3: 20
A4: 3 | B4: Gingerbread Glades | C4: 44.19 | D4: -101.34 | F4: 1684 | H4: 1 | I4: 6 | J4: 18 | K4: Cargo Ships (Heavy Fuel Oil) | L4: 73
A5: 4 | B5: Jellybean Jungle | C5: 38.86 | D5: -114.75 | F5: 1297 | H5: 1 | I5: 7 | J5: 18 | K5: Cargo Ships (Heavy Fuel Oil) | L5: 34
A6: 5 | B6: Popping Candy Plains | C6: 34.2 | D6: -101.36 | F6: 1666 | H6: 2 | I6: 3 | J6: 17 | K6: Wind-powered Ships | L6: 102
A7: 6 | B7: Pudding Peaks | C7: 38.55 | D7: -99.31 | F7: 1775 | H7: 2 | I7: 4 | J7: 12 | K7: Air Freight | L7: 24
A8: 7 | B8: Turkish Delight Tundra | C8: 40.45 | D8: -100.39 | F8: 1914 | H8: 2 | I8: 5 | J8: 5 | K8: Air Freight | L8: 27
H9: 3 | I9: 6 | J9: 11 | K9: Cargo Ships (Heavy Fuel Oil) | L9: 28
H10: 3 | I10: 7 | J10: 11 | K10: Slow Steaming Cargo Ships | L10: 70
H11: 4 | I11: 1 | J11: 23 | K11: Air Freight | L11: 93
H12: 4 | I12: 2 | J12: 11 | K12: Slow Steaming Cargo Ships | L12: 93
H13: 4 | I13: 3 | J13: 6 | K13: Diesel Rail | L13: 103
H14: 4 | I14: 5 | J14: 9 | K14: Cargo Ships (Heavy Fuel Oil) | L14: 80
H15: 5 | I15: 1 | J15: 12 | K15: Air Freight | L15: 88
H16: 5 | I16: 2 | J16: 16 | K16: Diesel Rail | L16: 97
H17: 5 | I17: 3 | J17: 15 | K17: Diesel Trucks | L17: 85
H18: 5 | I18: 4 | J18: 7 | K18: Diesel Trucks | L18: 34
H19: 6 | I19: 1 | J19: 10 | K19: Electrified Rail | L19: 87
H20: 6 | I20: 2 | J20: 22 | K20: Cargo Ships (Heavy Fuel Oil) | L20: 84
... H25: 7 | I25: 6 | J25: 24 | K25: Air Freight | L25: 30

Sheet Model
B4: Ship | C4: From | F4: To | G4: Lat from | H4: Long from | I4: Lat to | J4: Long to | K4: Unit Cost | L4: Distance | M4: Transportation Method | N4: Eco Friendly | O4: non eco | P4: Congestion | Q4: High/Low | S4: Nodes | T4: Inflow | U4: Outflow | V4: Net Flow | W4: Supply/Demand
B5: 1711 | C5: 1 | D5: Butter Pecan Bluff | E5: 2 | F5: Fruity Gusher Geyser | G5: =_xlfn.XLOOKUP(C5,Data!$A$2:$A$8,Data!$C$2:$C$8) -> 37.5 | H5: =_xlfn.XLOOKUP(C5,Data!$A$2:$A$8,Data!$D$2:$D$8) -> -102.5 | I5: =_xlfn.XLOOKUP(E5,Data!$A$2:$A$8,Data!$C$2:$C$8) -> 31.68 | J5: =_xlfn.XLOOKUP(E5,Data!$A$2:$A$8,Data!$D$2:$D$8) -> -118.85 | K5: 11 | L5: =SQRT((I5-G5)^2+(J5-H5)^2) -> 17.354968 | M5: Electrified Rail | N5: 0 | O5: =INT(NOT(N5)) -> 1 | P5: 95 | Q5: 1 | R5: 1 | S5: Butter Pecan Bluff | T5: =SUMIF($E$5:$E$28,R5,$B$5:$B$28) -> 0 | U5: =SUMIF($C$5:$C$28,R5,$B$5:$B$28) -> 10047 | V5: =T5-U5 -> -10047 | W5: -10047
B6: 4647 | C6: 1 | D6: Butter Pecan Bluff | E6: 5 | F6: Popping Candy Plains | G6: =_xlfn.XLOOKUP(C6,Data!$A$2:$A$8,Data!$C$2:$C$8) -> 37.5 | H6: =_xlfn.XLOOKUP(C6,Data!$A$2:$A$8,Data!$D$2:$D$8) -> -102.5 | I6: =_xlfn.XLOOKUP(E6,Data!$A$2:$A$8,Data!$C$2:$C$8) -> 34.2 | J6: =_xlfn.XLOOKUP(E6,Data!$A$2:$A$8,Data!$D$2:$D$8) -> -101.36 | K6: 7 | L6: =SQRT((I6-G6)^2+(J6-H6)^2) -> 3.4913608 | M6: Air Freight | N6: 0 | O6: =INT(NOT(N6)) -> 1 | P6: 20 | Q6: 0 | R6: 2 | S6: Fruity Gusher Geyser | T6: =SUMIF($E$5:$E$28,R6,$B$5:$B$28) -> 1711 | U6: =SUMIF($C$5:$C$28,R6,$B$5:$B$28) -> 0 | V6: =T6-U6 -> 1711 | W6: 1711
B7: 701.36502 | C7: 1 | D7: Butter Pecan Bluff | E7: 6 | F7: Pudding Peaks | G7: =_xlfn.XLOOKUP(C7,Data!$A$2:$A$8,Data!$C$2:$C$8) -> 37.5 | H7: =_xlfn.XLOOKUP(C7,Data!$A$2:$A$8,Data!$D$2:$D$8) -> -102.5 | I7: =_xlfn.XLOOKUP(E7,Data!$A$2:$A$8,Data!$C$2:$C$8) -> 38.55 | J7: =_xlfn.XLOOKUP(E7,Data!$A$2:$A$8,Data!$D$2:$D$8) -> -99.31 | K7: 18 | L7: =SQRT((I7-G7)^2+(J7-H7)^2) -> 3.3583627 | M7: Cargo Ships (Heavy Fuel Oil) | N7: 0 | O7: =INT(NOT(N7)) -> 1 | P7: 73 | Q7: 1 | R7: 3 | S7: Gingerbread Glades | T7: =SUMIF($E$5:$E$28,R7,$B$5:$B$28) -> 1684 | U7: =SUMIF($C$5:$C$28,R7,$B$5:$B$28) -> 0 | V7: =T7-U7 -> 1684 | W7: 1684
B8: 2987.635 | C8: 1 | D8: Butter Pecan Bluff | E8: 7 | F8: Turkish Delight Tundra | G8: =_xlfn.XLOOKUP(C8,Data!$A$2:$A$8,Data!$C$2:$C$8) -> 37.5 | H8: =_xlfn.XLOOKUP(C8,Data!$A$2:$A$8,Data!$D$2:$D$8) -> -102.5 | I8: =_xlfn.XLOOKUP(E8,Data!$A$2:$A$8,Data!$C$2:$C$8) -> 40.45 | J8: =_xlfn.XLOOKUP(E8,Data!$A$2:$A$8,Data!$D$2:$D$8) -> -100.39 | K8: 18 | L8: =SQRT((I8-G8)^2+(J8-H8)^2) -> 3.6269271 | M8: Cargo Ships (Heavy Fuel Oil) | N8: 0 | O8: =INT(NOT(N8)) -> 1 | P8: 34 | Q8: 0 | R8: 4 | S8: Jellybean Jungle | T8: =SUMIF($E$5:$E$28,R8,$B$5:$B$28) -> 2714.5346 | U8: =SUMIF($C$5:$C$28,R8,$B$5:$B$28) -> 1417.5346 | V8: =T8-U8 -> 1297 | W8: 1297
B9: 0 | C9: 2 | D9: Fruity Gusher Geyser | E9: 3 | F9: Gingerbread Glades | G9: =_xlfn.XLOOKUP(C9,Data!$A$2:$A$8,Data!$C$2:$C$8) -> 31.68 | H9: =_xlfn.XLOOKUP(C9,Data!$A$2:$A$8,Data!$D$2:$D$8) -> -118.85 | I9: =_xlfn.XLOOKUP(E9,Data!$A$2:$A$8,Data!$C$2:$C$8) -> 44.19 | J9: =_xlfn.XLOOKUP(E9,Data!$A$2:$A$8,Data!$D$2:$D$8) -> -101.34 | K9: 17 | L9: =SQRT((I9-G9)^2+(J9-H9)^2) -> 21.519763 | M9: Wind-powered Ships | N9: 1 | O9: =INT(NOT(N9)) -> 0 | P9: 102 | Q9: 1 | R9: 5 | S9: Popping Candy Plains | T9: =SUMIF($E$5:$E$28,R9,$B$5:$B$28) -> 4647 | U9: =SUMIF($C$5:$C$28,R9,$B$5:$B$28) -> 2981 | V9: =T9-U9 -> 1666 | W9: 1666
B10: 0 | C10: 2 | D10: Fruity Gusher Geyser | E10: 4 | F10: Jellybean Jungle | G10: =_xlfn.XLOOKUP(C10,Data!$A$2:$A$8,Data!$C$2:$C$8) -> 31.68 | H10: =_xlfn.XLOOKUP(C10,Data!$A$2:$A$8,Data!$D$2:$D$8) -> -118.85 | I10: =_xlfn.XLOOKUP(E10,Data!$A$2:$A$8,Data!$C$2:$C$8) -> 38.86 | J10: =_xlfn.XLOOKUP(E10,Data!$A$2:$A$8,Data!$D$2:$D$8) -> -114.75 | K10: 12 | L10: =SQRT((I10-G10)^2+(J10-H10)^2) -> 8.2681558 | M10: Air Freight | N10: 0 | O10: =INT(NOT(N10)) -> 1 | P10: 24 | Q10: 0 | R10: 6 | S10: Pudding Peaks | T10: =SUMIF($E$5:$E$28,R10,$B$5:$B$28) -> 1775 | U10: =SUMIF($C$5:$C$28,R10,$B$5:$B$28) -> 0 | V10: =T10-U10 -> 1775 | W10: 1775
B11: 0 | C11: 2 | D11: Fruity Gusher Geyser | E11: 5 | F11: Popping Candy Plains | G11: =_xlfn.XLOOKUP(C11,Data!$A$2:$A$8,Data!$C$2:$C$8) -> 31.68 | H11: =_xlfn.XLOOKUP(C11,Data!$A$2:$A$8,Data!$D$2:$D$8) -> -118.85 | I11: =_xlfn.XLOOKUP(E11,Data!$A$2:$A$8,Data!$C$2:$C$8) -> 34.2 | J11: =_xlfn.XLOOKUP(E11,Data!$A$2:$A$8,Data!$D$2:$D$8) -> -101.36 | K11: 5 | L11: =SQRT((I11-G11)^2+(J11-H11)^2) -> 17.670611 | M11: Air Freight | N11: 0 | O11: =INT(NOT(N11)) -> 1 | P11: 27 | Q11: 0 | R11: 7 | S11: Turkish Delight Tundra | T11: =SUMIF($E$5:$E$28,R11,$B$5:$B$28) -> 2987.635 | U11: =SUMIF($C$5:$C$28,R11,$B$5:$B$28) -> 1073.635 | V11: =T11-U11 -> 1914 | W11: 1914
B12: 0 | C12: 3 | D12: Gingerbread Glades | E12: 6 | F12: Pudding Peaks | G12: =_xlfn.XLOOKUP(C12,Data!$A$2:$A$8,Data!$C$2:$C$8) -> 44.19 | H12: =_xlfn.XLOOKUP(C12,Data!$A$2:$A$8,Data!$D$2:$D$8) -> -101.34 | I12: =_xlfn.XLOOKUP(E12,Data!$A$2:$A$8,Data!$C$2:$C$8) -> 38.55 | J12: =_xlfn.XLOOKUP(E12,Data!$A$2:$A$8,Data!$D$2:$D$8) -> -99.31 | K12: 11 | L12: =SQRT((I12-G12)^2+(J12-H12)^2) -> 5.9942055 | M12: Cargo Ships (Heavy Fuel Oil) | N12: 0 | O12: =INT(NOT(N12)) -> 1 | P12: 28 | Q12: 0
B13: 0 | C13: 3 | D13: Gingerbread Glades | E13: 7 | F13: Turkish Delight Tundra | G13: =_xlfn.XLOOKUP(C13,Data!$A$2:$A$8,Data!$C$2:$C$8) -> 44.19 | H13: =_xlfn.XLOOKUP(C13,Data!$A$2:$A$8,Data!$D$2:$D$8) -> -101.34 | I13: =_xlfn.XLOOKUP(E13,Data!$A$2:$A$8,Data!$C$2:$C$8) -> 40.45 | J13: =_xlfn.XLOOKUP(E13,Data!$A$2:$A$8,Data!$D$2:$D$8) -> -100.39 | K13: 11 | L13: =SQRT((I13-G13)^2+(J13-H13)^2) -> 3.8587692 | M13: Slow Steaming Cargo Ships | N13: 1 | O13: =INT(NOT(N13)) -> 0 | P13: 70 | Q13: 1 | U13: Deviation | V13: % Deviation | X13: Weighted % Deviation
B14: 0 | C14: 4 | D14: Jellybean Jungle | E14: 1 | F14: Butter Pecan Bluff | G14: =_xlfn.XLOOKUP(C14,Data!$A$2:$A$8,Data!$C$2:$C$8) -> 38.86 | H14: =_xlfn.XLOOKUP(C14,Data!$A$2:$A$8,Data!$D$2:$D$8) -> -114.75 | I14: =_xlfn.XLOOKUP(E14,Data!$A$2:$A$8,Data!$C$2:$C$8) -> 37.5 | J14: =_xlfn.XLOOKUP(E14,Data!$A$2:$A$8,Data!$D$2:$D$8) -> -102.5 | K14: 23 | L14: =SQRT((I14-G14)^2+(J14-H14)^2) -> 12.325263 | M14: Air Freight | N14: 0 | O14: =INT(NOT(N14)) -> 1 | P14: 93 | Q14: 1 | S14: Totals | T14: Target | W14: Weight
B15: 0 | C15: 4 | D15: Jellybean Jungle | E15: 2 | F15: Fruity Gusher Geyser | G15: =_xlfn.XLOOKUP(C15,Data!$A$2:$A$8,Data!$C$2:$C$8) -> 38.86 | H15: =_xlfn.XLOOKUP(C15,Data!$A$2:$A$8,Data!$D$2:$D$8) -> -114.75 | I15: =_xlfn.XLOOKUP(E15,Data!$A$2:$A$8,Data!$C$2:$C$8) -> 31.68 | J15: =_xlfn.XLOOKUP(E15,Data!$A$2:$A$8,Data!$D$2:$D$8) -> -118.85 | K15: 11 | L15: =SQRT((I15-G15)^2+(J15-H15)^2) -> 8.2681558 | M15: Slow Steaming Cargo Ships | N15: 0 | O15: =INT(NOT(N15)) -> 1 | P15: 93 | Q15: 1 | R15: Minimize transportation | S15: =SUMPRODUCT(B5:B28,K5:K28) -> 175023.17 | T15: 123851 | U15: =S15-T15 -> 51172.17 | V15: =U15/T15 -> 0.41317527 | W15: 1 | X15: =W15*V15 -> 0.41317527
B16: 1417.5346 | C16: 4 | D16: Jellybean Jungle | E16: 3 | F16: Gingerbread Glades | G16: =_xlfn.XLOOKUP(C16,Data!$A$2:$A$8,Data!$C$2:$C$8) -> 38.86 | H16: =_xlfn.XLOOKUP(C16,Data!$A$2:$A$8,Data!$D$2:$D$8) -> -114.75 | I16: =_xlfn.XLOOKUP(E16,Data!$A$2:$A$8,Data!$C$2:$C$8) -> 44.19 | J16: =_xlfn.XLOOKUP(E16,Data!$A$2:$A$8,Data!$D$2:$D$8) -> -101.34 | K16: 6 | L16: =SQRT((I16-G16)^2+(J16-H16)^2) -> 14.430419 | M16: Diesel Rail | N16: 0 | O16: =INT(NOT(N16)) -> 1 | P16: 103 | Q16: 1 | R16: Minimize Distance | S16: =SUMPRODUCT(B5:B28,L5:L28) -> 123060.02 | T16: 87080.509 | U16: =S16-T16 -> 35979.513 | V16: =U16/T16 -> 0.41317527 | W16: 1 | X16: =W16*V16 -> 0.41317527
B17: 0 | C17: 4 | D17: Jellybean Jungle | E17: 5 | F17: Popping Candy Plains | G17: =_xlfn.XLOOKUP(C17,Data!$A$2:$A$8,Data!$C$2:$C$8) -> 38.86 | H17: =_xlfn.XLOOKUP(C17,Data!$A$2:$A$8,Data!$D$2:$D$8) -> -114.75 | I17: =_xlfn.XLOOKUP(E17,Data!$A$2:$A$8,Data!$C$2:$C$8) -> 34.2 | J17: =_xlfn.XLOOKUP(E17,Data!$A$2:$A$8,Data!$D$2:$D$8) -> -101.36 | K17: 9 | L17: =SQRT((I17-G17)^2+(J17-H17)^2) -> 14.177718 | M17: Cargo Ships (Heavy Fuel Oil) | N17: 0 | O17: =INT(NOT(N17)) -> 1 | P17: 80 | Q17: 1 | R17: Minimize non eco-friendly | S17: =SUMPRODUCT(B5:B28,O5:O28) -> 15519.17 | T17: 11344 | U17: =S17-T17 -> 4175.1696 | V17: =U17/T17 -> 0.36805091 | W17: 1 | X17: =W17*V17 -> 0.36805091
B18: 0 | C18: 5 | D18: Popping Candy Plains | E18: 1 | F18: Butter Pecan Bluff | G18: =_xlfn.XLOOKUP(C18,Data!$A$2:$A$8,Data!$C$2:$C$8) -> 34.2 | H18: =_xlfn.XLOOKUP(C18,Data!$A$2:$A$8,Data!$D$2:$D$8) -> -101.36 | I18: =_xlfn.XLOOKUP(E18,Data!$A$2:$A$8,Data!$C$2:$C$8) -> 37.5 | J18: =_xlfn.XLOOKUP(E18,Data!$A$2:$A$8,Data!$D$2:$D$8) -> -102.5 | K18: 12 | L18: =SQRT((I18-G18)^2+(J18-H18)^2) -> 3.4913608 | M18: Air Freight | N18: 0 | O18: =INT(NOT(N18)) -> 1 | P18: 88 | Q18: 1 | R18: Minimize Congestion | S18: =SUMPRODUCT(B5:B28,Q5:Q28) -> 4096.365 | T18: 3395 | U18: =S18-T18 -> 701.36502 | V18: =U18/T18 -> 0.20658763 | W18: 2 | X18: =W18*V18 -> 0.41317527
B19: 0 | C19: 5 | D19: Popping Candy Plains | E19: 2 | F19: Fruity Gusher Geyser | G19: =_xlfn.XLOOKUP(C19,Data!$A$2:$A$8,Data!$C$2:$C$8) -> 34.2 | H19: =_xlfn.XLOOKUP(C19,Data!$A$2:$A$8,Data!$D$2:$D$8) -> -101.36 | I19: =_xlfn.XLOOKUP(E19,Data!$A$2:$A$8,Data!$C$2:$C$8) -> 31.68 | J19: =_xlfn.XLOOKUP(E19,Data!$A$2:$A$8,Data!$D$2:$D$8) -> -118.85 | K19: 16 | L19: =SQRT((I19-G19)^2+(J19-H19)^2) -> 17.670611 | M19: Diesel Rail | N19: 0 | O19: =INT(NOT(N19)) -> 1 | P19: 97 | Q19: 1
B20: 266.46541 | C20: 5 | D20: Popping Candy Plains | E20: 3 | F20: Gingerbread Glades | G20: =_xlfn.XLOOKUP(C20,Data!$A$2:$A$8,Data!$C$2:$C$8) -> 34.2 | H20: =_xlfn.XLOOKUP(C20,Data!$A$2:$A$8,Data!$D$2:$D$8) -> -101.36 | I20: =_xlfn.XLOOKUP(E20,Data!$A$2:$A$8,Data!$C$2:$C$8) -> 44.19 | J20: =_xlfn.XLOOKUP(E20,Data!$A$2:$A$8,Data!$D$2:$D$8) -> -101.34 | K20: 15 | L20: =SQRT((I20-G20)^2+(J20-H20)^2) -> 9.99002 | M20: Diesel Trucks | N20: 0 | O20: =INT(NOT(N20)) -> 1 | P20: 85 | Q20: 1
B21: 2714.5346 | C21: 5 | D21: Popping Candy Plains | E21: 4 | F21: Jellybean Jungle | G21: =_xlfn.XLOOKUP(C21,Data!$A$2:$A$8,Data!$C$2:$C$8) -> 34.2 | H21: =_xlfn.XLOOKUP(C21,Data!$A$2:$A$8,Data!$D$2:$D$8) -> -101.36 | I21: =_xlfn.XLOOKUP(E21,Data!$A$2:$A$8,Data!$C$2:$C$8) -> 38.86 | J21: =_xlfn.XLOOKUP(E21,Data!$A$2:$A$8,Data!$D$2:$D$8) -> -114.75 | K21: 7 | L21: =SQRT((I21-G21)^2+(J21-H21)^2) -> 14.177718 | M21: Diesel Trucks | N21: 0 | O21: =INT(NOT(N21)) -> 1 | P21: 34 | Q21: 0 | S21: Minimax Variable | T21: 0.41317527
B22: 0 | C22: 6 | D22: Pudding Peaks | E22: 1 | F22: Butter Pecan Bluff | G22: =_xlfn.XLOOKUP(C22,Data!$A$2:$A$8,Data!$C$2:$C$8) -> 38.55 | H22: =_xlfn.XLOOKUP(C22,Data!$A$2:$A$8,Data!$D$2:$D$8) -> -99.31 | I22: =_xlfn.XLOOKUP(E22,Data!$A$2:$A$8,Data!$C$2:$C$8) -> 37.5 | J22: =_xlfn.XLOOKUP(E22,Data!$A$2:$A$8,Data!$D$2:$D$8) -> -102.5 | K22: 10 | L22: =SQRT((I22-G22)^2+(J22-H22)^2) -> 3.3583627 | M22: Electrified Rail | N22: 1 | O22: =INT(NOT(N22)) -> 0 | P22: 87 | Q22: 1
B23: 0 | C23: 6 | D23: Pudding Peaks | E23: 2 | F23: Fruity Gusher Geyser | G23: =_xlfn.XLOOKUP(C23,Data!$A$2:$A$8,Data!$C$2:$C$8) -> 38.55 | H23: =_xlfn.XLOOKUP(C23,Data!$A$2:$A$8,Data!$D$2:$D$8) -> -99.31 | I23: =_xlfn.XLOOKUP(E23,Data!$A$2:$A$8,Data!$C$2:$C$8) -> 31.68 | J23: =_xlfn.XLOOKUP(E23,Data!$A$2:$A$8,Data!$D$2:$D$8) -> -118.85 | K23: 22 | L23: =SQRT((I23-G23)^2+(J23-H23)^2) -> 20.71252 | M23: Cargo Ships (Heavy Fuel Oil) | N23: 0 | O23: =INT(NOT(N23)) -> 1 | P23: 84 | Q23: 1
B24: 0 | C24: 6 | D24: Pudding Peaks | E24: 3 | F24: Gingerbread Glades | G24: =_xlfn.XLOOKUP(C24,Data!$A$2:$A$8,Data!$C$2:$C$8) -> 38.55 | H24: =_xlfn.XLOOKUP(C24,Data!$A$2:$A$8,Data!$D$2:$D$8) -> -99.31 | I24: =_xlfn.XLOOKUP(E24,Data!$A$2:$A$8,Data!$C$2:$C$8) -> 44.19 | J24: =_xlfn.XLOOKUP(E24,Data!$A$2:$A$8,Data!$D$2:$D$8) -> -101.34 | K24: 10 | L24: =SQRT((I24-G24)^2+(J24-H24)^2) -> 5.9942055 | M24: Electric/Hybrid Trucks | N24: 1 | O24: =INT(NOT(N24)) -> 0 | P24: 92 | Q24: 1
B25: 0 | C25: 6 | D25: Pudding Peaks | E25: 5 | F25: Popping Candy Plains | G25: =_xlfn.XLOOKUP(C25,Data!$A$2:$A$8,Data!$C$2:$C$8) -> 38.55 | H25: =_xlfn.XLOOKUP(C25,Data!$A$2:$A$8,Data!$D$2:$D$8) -> -99.31 | I25: =_xlfn.XLOOKUP(E25,Data!$A$2:$A$8,Data!$C$2:$C$8) -> 34.2 | J25: =_xlfn.XLOOKUP(E25,Data!$A$2:$A$8,Data!$D$2:$D$8) -> -101.36 | K25: 18 | L25: =SQRT((I25-G25)^2+(J25-H25)^2) -> 4.808846 | M25: Diesel Trucks | N25: 0 | O25: =INT(NOT(N25)) -> 1 | P25: 33 | Q25: 0
B26: 0 | C26: 6 | D26: Pudding Peaks | E26: 7 | F26: Turkish Delight Tundra | G26: =_xlfn.XLOOKUP(C26,Data!$A$2:$A$8,Data!$C$2:$C$8) -> 38.55 | H26: =_xlfn.XLOOKUP(C26,Data!$A$2:$A$8,Data!$D$2:$D$8) -> -99.31 | I26: =_xlfn.XLOOKUP(E26,Data!$A$2:$A$8,Data!$C$2:$C$8) -> 40.45 | J26: =_xlfn.XLOOKUP(E26,Data!$A$2:$A$8,Data!$D$2:$D$8) -> -100.39 | K26: 11 | L26: =SQRT((I26-G26)^2+(J26-H26)^2) -> 2.1854977 | M26: Diesel Rail | N26: 0 | O26: =INT(NOT(N26)) -> 1 | P26: 34 | Q26: 0
B27: 0 | C27: 7 | D27: Turkish Delight Tundra | E27: 1 | F27: Butter Pecan Bluff | G27: =_xlfn.XLOOKUP(C27,Data!$A$2:$A$8,Data!$C$2:$C$8) -> 40.45 | H27: =_xlfn.XLOOKUP(C27,Data!$A$2:$A$8,Data!$D$2:$D$8) -> -100.39 | I27: =_xlfn.XLOOKUP(E27,Data!$A$2:$A$8,Data!$C$2:$C$8) -> 37.5 | J27: =_xlfn.XLOOKUP(E27,Data!$A$2:$A$8,Data!$D$2:$D$8) -> -102.5 | K27: 12 | L27: =SQRT((I27-G27)^2+(J27-H27)^2) -> 3.6269271 | M27: Diesel Trucks | N27: 0 | O27: =INT(NOT(N27)) -> 1 | P27: 87 | Q27: 1
B28: 1073.635 | C28: 7 | D28: Turkish Delight Tundra | E28: 6 | F28: Pudding Peaks | G28: =_xlfn.XLOOKUP(C28,Data!$A$2:$A$8,Data!$C$2:$C$8) -> 40.45 | H28: =_xlfn.XLOOKUP(C28,Data!$A$2:$A$8,Data!$D$2:$D$8) -> -100.39 | I28: =_xlfn.XLOOKUP(E28,Data!$A$2:$A$8,Data!$C$2:$C$8) -> 38.55 | J28: =_xlfn.XLOOKUP(E28,Data!$A$2:$A$8,Data!$D$2:$D$8) -> -99.31 | K28: 24 | L28: =SQRT((I28-G28)^2+(J28-H28)^2) -> 2.1854977 | M28: Air Freight | N28: 0 | O28: =INT(NOT(N28)) -> 1 | P28: 30 | Q28: 0
